Item,Type,Harmless,Malicious,Suspicious,Undetected,Country,AS Owner,VT LINK,Last Analysis Date
23.44.51.27,ip_addresses,0,0,0,0,,,,
184.26.54.176,ip_addresses,0,0,0,0,,,,
103.142.142.53,ip_addresses,0,0,0,0,,,,
42.99.140.9,ip_addresses,0,0,0,0,,,,
184.87.193.136,ip_addresses,0,0,0,0,,,,
184.87.193.161,ip_addresses,0,0,0,0,,,,
184.26.162.35,ip_addresses,0,0,0,0,,,,
34.104.35.123,ip_addresses,0,0,0,0,,,,
23.44.53.205,ip_addresses,0,0,0,0,,,,
117.121.250.0,ip_addresses,0,0,0,0,,,,
23.212.164.48,ip_addresses,0,0,0,0,,,,
91.108.56.155,ip_addresses,0,0,0,0,,,,
184.26.54.226,ip_addresses,0,0,0,0,,,,
184.87.193.134,ip_addresses,0,0,0,0,,,,
96.17.182.10,ip_addresses,0,0,0,0,,,,
111.119.15.128,ip_addresses,0,0,0,0,,,,
52.142.223.178,ip_addresses,0,0,0,0,,,,
184.26.54.59,ip_addresses,0,0,0,0,,,,
184.26.162.98,ip_addresses,0,0,0,0,,,,
184.26.54.218,ip_addresses,0,0,0,0,,,,
184.87.193.151,ip_addresses,0,0,0,0,,,,
23.44.51.24,ip_addresses,0,0,0,0,,,,
184.26.54.9,ip_addresses,0,0,0,0,,,,
23.58.120.216,ip_addresses,0,0,0,0,,,,
23.5.165.26,ip_addresses,0,0,0,0,,,,
184.26.54.10,ip_addresses,0,0,0,0,,,,
184.26.54.235,ip_addresses,0,0,0,0,,,,
23.213.1.75,ip_addresses,0,0,0,0,,,,
184.26.54.224,ip_addresses,0,0,0,0,,,,
20.231.121.79,ip_addresses,0,0,0,0,,,,
184.87.193.140,ip_addresses,0,0,0,0,,,,
138.91.171.81,ip_addresses,0,0,0,0,,,,
23.206.250.99,ip_addresses,0,0,0,0,,,,
23.209.46.25,ip_addresses,0,0,0,0,,,,
23.206.250.67,ip_addresses,0,0,0,0,,,,
68.142.107.4,ip_addresses,0,0,0,0,,,,
91.108.56.192,ip_addresses,0,0,0,0,,,,
114.130.119.173,ip_addresses,0,0,0,0,,,,
104.65.230.44,ip_addresses,0,0,0,0,,,,
184.87.193.133,ip_addresses,0,0,0,0,,,,
23.212.164.50,ip_addresses,0,0,0,0,,,,
23.52.171.129,ip_addresses,0,0,0,0,,,,
184.87.193.132,ip_addresses,0,0,0,0,,,,
23.58.120.209,ip_addresses,0,0,0,0,,,,
184.26.54.35,ip_addresses,0,0,0,0,,,,
42.99.140.10,ip_addresses,0,0,0,0,,,,
125.56.201.104,ip_addresses,0,0,0,0,,,,
23.205.101.178,ip_addresses,0,0,0,0,,,,
96.17.182.8,ip_addresses,0,0,0,0,,,,
184.26.54.33,ip_addresses,0,0,0,0,,,,
117.121.250.129,ip_addresses,0,0,0,0,,,,
96.17.182.27,ip_addresses,0,0,0,0,,,,
23.205.118.252,ip_addresses,0,0,0,0,,,,
184.26.54.210,ip_addresses,0,0,0,0,,,,
23.213.1.74,ip_addresses,0,0,0,0,,,,
184.26.54.194,ip_addresses,0,0,0,0,,,,
96.17.182.17,ip_addresses,0,0,0,0,,,,
125.56.201.90,ip_addresses,0,0,0,0,,,,
38.96.206.64,ip_addresses,0,0,0,0,,,,
23.213.1.73,ip_addresses,0,0,0,0,,,,
103.163.210.131,ip_addresses,0,0,0,0,,,,
23.209.46.71,ip_addresses,0,0,0,0,,,,
91.108.56.112,ip_addresses,0,0,0,0,,,,
42.99.140.8,ip_addresses,0,0,0,0,,,,
96.17.182.239,ip_addresses,0,0,0,0,,,,
23.58.120.18,ip_addresses,0,0,0,0,,,,
42.99.140.33,ip_addresses,0,0,0,0,,,,
96.17.182.33,ip_addresses,0,0,0,0,,,,
184.26.54.219,ip_addresses,0,0,0,0,,,,
42.99.140.35,ip_addresses,0,0,0,0,,,,
184.26.54.26,ip_addresses,0,0,0,0,,,,
96.17.182.114,ip_addresses,0,0,0,0,,,,
13.107.6.158,ip_addresses,0,0,0,0,,,,
184.26.54.185,ip_addresses,0,0,0,0,,,,
184.87.193.159,ip_addresses,0,0,0,0,,,,
184.26.54.56,ip_addresses,0,0,0,0,,,,
23.201.47.138,ip_addresses,0,0,0,0,,,,
172.217.161.3,ip_addresses,0,0,0,0,,,,
184.26.54.24,ip_addresses,0,0,0,0,,,,
96.17.182.26,ip_addresses,0,0,0,0,,,,
23.206.250.80,ip_addresses,0,0,0,0,,,,
96.17.182.232,ip_addresses,0,0,0,0,,,,
18.67.196.194,ip_addresses,0,0,0,0,,,,
96.17.194.163,ip_addresses,0,0,0,0,,,,
103.141.208.28,ip_addresses,0,0,0,0,,,,
184.26.54.42,ip_addresses,0,0,0,0,,,,
149.154.167.223,ip_addresses,0,0,0,0,,,,
96.17.182.24,ip_addresses,0,0,0,0,,,,
42.99.140.210,ip_addresses,0,0,0,0,,,,
114.130.43.14,ip_addresses,0,0,0,0,,,,
184.26.54.114,ip_addresses,0,0,0,0,,,,
23.201.47.144,ip_addresses,0,0,0,0,,,,
184.26.54.50,ip_addresses,0,0,0,0,,,,
184.26.54.243,ip_addresses,0,0,0,0,,,,
96.17.182.19,ip_addresses,0,0,0,0,,,,
184.26.54.242,ip_addresses,0,0,0,0,,,,
23.201.47.177,ip_addresses,0,0,0,0,,,,
172.217.166.195,ip_addresses,0,0,0,0,,,,
23.49.60.128,ip_addresses,0,0,0,0,,,,
96.17.182.247,ip_addresses,0,0,0,0,,,,
23.206.250.49,ip_addresses,0,0,0,0,,,,
172.64.149.23,ip_addresses,0,0,0,0,,,,
96.17.182.18,ip_addresses,0,0,0,0,,,,
23.54.80.25,ip_addresses,0,0,0,0,,,,
96.17.182.84,ip_addresses,0,0,0,0,,,,
23.58.120.82,ip_addresses,0,0,0,0,,,,
125.56.201.97,ip_addresses,0,0,0,0,,,,
23.213.1.72,ip_addresses,0,0,0,0,,,,
23.49.10.58,ip_addresses,0,0,0,0,,,,
42.99.140.49,ip_addresses,0,0,0,0,,,,
184.26.54.241,ip_addresses,0,0,0,0,,,,
184.87.193.157,ip_addresses,0,0,0,0,,,,
184.26.54.92,ip_addresses,0,0,0,0,,,,
184.26.54.27,ip_addresses,0,0,0,0,,,,
23.212.164.10,ip_addresses,0,0,0,0,,,,
104.18.38.233,ip_addresses,0,0,0,0,,,,
96.17.182.87,ip_addresses,0,0,0,0,,,,
96.17.182.240,ip_addresses,0,0,0,0,,,,
96.17.194.171,ip_addresses,0,0,0,0,,,,
96.17.182.233,ip_addresses,0,0,0,0,,,,
104.109.129.49,ip_addresses,0,0,0,0,,,,
184.26.54.203,ip_addresses,0,0,0,0,,,,
23.213.1.67,ip_addresses,0,0,0,0,,,,
172.217.160.227,ip_addresses,0,0,0,0,,,,
104.109.129.64,ip_addresses,0,0,0,0,,,,
96.17.182.225,ip_addresses,0,0,0,0,,,,
184.87.193.145,ip_addresses,0,0,0,0,,,,
23.205.118.146,ip_addresses,0,0,0,0,,,,
23.46.16.117,ip_addresses,0,0,0,0,,,,
96.17.182.241,ip_addresses,0,0,0,0,,,,
96.17.182.112,ip_addresses,0,0,0,0,,,,
103.48.17.212,ip_addresses,0,0,0,0,,,,
184.26.54.240,ip_addresses,0,0,0,0,,,,
23.32.77.192,ip_addresses,0,0,0,0,,,,
152.199.39.108,ip_addresses,0,0,0,0,,,,
184.26.54.211,ip_addresses,0,0,0,0,,,,
96.17.182.242,ip_addresses,0,0,0,0,,,,
103.230.106.207,ip_addresses,0,0,0,0,,,,
72.247.127.250,ip_addresses,0,0,0,0,,,,
23.46.16.120,ip_addresses,0,0,0,0,,,,
152.199.38.90,ip_addresses,0,0,0,0,,,,
23.58.120.240,ip_addresses,0,0,0,0,,,,
114.130.43.17,ip_addresses,0,0,0,0,,,,
23.213.0.217,ip_addresses,0,0,0,0,,,,
96.17.182.85,ip_addresses,0,0,0,0,,,,
23.62.212.82,ip_addresses,0,0,0,0,,,,
184.87.193.88,ip_addresses,0,0,0,0,,,,
35.162.62.196,ip_addresses,0,0,0,0,,,,
142.251.175.94,ip_addresses,0,0,0,0,,,,
184.26.54.58,ip_addresses,0,0,0,0,,,,
23.58.120.225,ip_addresses,0,0,0,0,,,,
23.212.164.27,ip_addresses,0,0,0,0,,,,
184.26.54.99,ip_addresses,0,0,0,0,,,,
42.99.128.155,ip_addresses,0,0,0,0,,,,
23.58.120.40,ip_addresses,0,0,0,0,,,,
103.142.142.54,ip_addresses,0,0,0,0,,,,
96.17.182.226,ip_addresses,0,0,0,0,,,,
184.26.54.202,ip_addresses,0,0,0,0,,,,
